,nome,cpf,idade,data,endereco,estado
1,Isaac Costela,192.437.056-52,38,1986-05-26,"vila campos, 17
vila antena montanhês
03829-329 cirino alegre / go",RIO GRANDE DO NORTE
2,Dra. Nina Da Luz,218.675.904-76,25,1998-12-13,"campo de cassiano
conjunto lagoa
43003-217 pires / sp",RIO GRANDE DO NORTE
3,Luara Vargas,175.862.903-77,110,1971-07-05,"favela ribeiro, 52
vila engenho nogueira
79833-833 oliveira do oeste / ac",PIAUÍ
5,Bento Da Paz,953.847.261-64,54,1970-08-06,"largo miguel almeida
vila puc
18734-705 melo de goiás / pr",RORAIMA
6,Heloísa Vargas,376.415.820-44,38,1986-07-30,"praça de caldeira
vila real 1ª seção
42380-870 da cruz da serra / sp",AMAZONAS
7,Rhavi Pereira,705.184.639-66,46,1977-09-25,"ladeira de ribeiro, 98
vila nova gameleira 1ª seção
89448034 moraes das pedras / rj",SÃO PAULO
8,João Aparecida,956.741.823-37,19,2005-03-01,"travessa de jesus, 9
são cristóvão
27824000 vieira / al",GOIÁS
9,Sr. João Gabriel Mendonça,375.928.641-00,28,1996-08-06,"favela ravi da conceição, 550
vale do jatoba
58273091 montenegro / am",RONDÔNIA
10,Sr. Mathias Campos,051.746.389-00,33,1990-10-02,"vereda fogaça, 664
suzana
13966-293 sá da praia / pa",RONDÔNIA
11,Camila Lopes,160.572.943-43,27,1997-01-17,"feira calebe abreu, 15
mineirão
87508463 camargo de barbosa / pb",MINAS GERAIS
12,Sra. Beatriz Fogaça,640.593.712-70,46,1978-01-17,"estrada rios, 96
são sebastião
60694461 da conceição / go",GOIÁS
13,Nicole Pinto,785.201.369-40,20,2003-10-12,"travessa rocha, 41
vila cemig
73473-440 aparecida de abreu / ce",PARAÍBA
14,Sr. Otávio Albuquerque,364.829.057-65,400,1966-09-06,"quadra de vieira
vila esplanada
54643322 moura do campo / rr",SANTA CATARINA
15,Isabelly Da Paz,650.397.241-52,35,1989-09-08,"campo de macedo, 28
granja de freitas
92144201 albuquerque / sp",RIO GRANDE DO NORTE
16,Vitor Hugo Monteiro,701.638.452-71,20,2004-07-26,"alameda henrique das neves, 726
bacurau
97364257 borges / al",ESPÍRITO SANTO
17,Mathias Carvalho,743.129.850-14,333,1991-03-13,"estação caio viana, 474
ipiranga
11305-730 dias / pa",ACRE
18,Cauã Silva,190.468.372-03,48,1976-01-30,"rodovia de silva, 7
monsenhor messias
59375-986 azevedo de monteiro / ac",ESPÍRITO SANTO
19,Pedro Lucas Da Cunha,387.029.514-79,45,1979-07-05,"feira santos, 9
nova vista
53492264 pereira / pi",PARÁ
20,Juan Pires,725.930.461-80,52,1971-10-27,"quadra clarice da mata, 74
morro dos macacos
50917-945 cirino da praia / df",MATO GROSSO DO SUL
21,Maria Isis Barros,594.726.130-80,56,1968-08-14,"via de da cruz, 90
castanheira
10606821 melo dos dourados / rr",AMAPÁ
22,Yasmin Pires,271.983.564-19,51,1972-12-29,"morro de gonçalves, 1
boa união 1ª seção
19954-190 nascimento / df",AMAZONAS
23,Bento Borges,571.023.896-12,42,1982-08-24,"sítio de silva
horto
58497850 vargas / rj",RIO DE JANEIRO
24,Valentim Das Neves,863.401.529-70,33,1991-04-17,"rua de fonseca, 137
boa viagem
56448-825 albuquerque dos dourados / pi",ALAGOAS
25,Maria Sophia Da Cruz,609.735.428-29,31,1993-04-03,"passarela de pacheco, 46
vila real 1ª seção
40593-742 brito / ce",RIO DE JANEIRO
26,Bryan Santos,156.348.709-84,57,1966-11-27,"distrito de garcia
graça
53270587 rezende do campo / ms",RIO GRANDE DO SUL
27,Ravy Nascimento,754.263.981-19,42,1982-01-05,"pátio augusto da cruz, 249
são paulo
48438-139 mendonça verde / mg",SÃO PAULO
28,Ana Laura Das Neves,623.841.705-62,21,2003-09-09,"morro de azevedo
buraco quente
76180-685 sá do amparo / ma",AMAZONAS
29,Daniela Garcia,817.365.204-07,2550,1999-06-07,"travessa cirino, 835
vila são rafael
91011-414 nogueira dos dourados / es",RIO GRANDE DO NORTE
30,Davi Lucca Vieira,743.065.921-70,580,1965-10-21,"avenida pacheco, 81
santa rita
98836013 sales grande / sc",AMAPÁ
31,Eduarda Cardoso,076.982.413-78,211,2003-01-25,"vereda martins, 4
barroca
97520511 fernandes alegre / sp",GOIÁS
32,Valentina Melo,208.193.754-97,354,1988-09-21,"sítio ana carolina pastor, 14
vila do pombal
41379-382 fogaça / pr",MATO GROSSO
33,Ana Carolina Pires,569.231.470-34,25,1999-03-11,"trecho da costa, 78
nova granada
93201-061 mendonça de albuquerque / pi",RIO GRANDE DO SUL
34,Arthur Viana,951.673.842-73,34,1990-01-27,"rua bruno vargas, 41
jardinópolis
17705212 lima / pb",TOCANTINS
35,Carolina Casa Grande,209.376.458-00,37,1986-10-01,"praça peixoto
pindorama
16674390 ramos da mata / pa",ESPÍRITO SANTO
36,Caio Fonseca,708.362.194-22,29,1995-05-26,"loteamento maria luiza cardoso, 63
parque são pedro
72554-613 martins do amparo / ms",MINAS GERAIS
37,Allana Rocha,702.169.354-07,23,2000-10-27,"trevo almeida, 6
maria virgínia
40481957 marques / se",RIO GRANDE DO NORTE
38,Isabella Camargo,458.932.076-29,415,1983-08-31,"praça de azevedo, 8
vila tirol
67527-694 ferreira / es",RIO DE JANEIRO
39,Gabriela Moura,356.298.410-33,20,2004-03-31,"via de marques, 58
palmeiras
05136-274 machado / ba",RIO GRANDE DO NORTE
40,José Miguel Casa Grande,093.182.546-60,31,1993-05-04,"travessa de siqueira, 628
nova granada
26025-096 vieira dos dourados / rs",PARANÁ
41,Sr. Joaquim Cardoso,985.162.034-33,35,1988-11-06,"núcleo brito, 13
conjunto bonsucesso
53558132 da paz de pacheco / ba",ACRE
42,Fernando Rios,023.476.158-07,43,1981-02-05,"residencial lopes, 780
vila cloris
72759-178 vargas / al",PERNAMBUCO
43,Sra. Bianca Castro,685.341.702-07,55,1968-09-22,"lagoa benício cavalcante, 43
tupi b
32518159 da luz de almeida / rr",PERNAMBUCO
44,Matheus Aragão,016.257.394-43,53,1971-08-11,"loteamento rezende
castanheira
76144-852 andrade / mt",PARÁ
45,Bruna Siqueira,357.940.268-47,30,1994-04-01,"loteamento de peixoto, 92
vila real 2ª seção
45096-058 da mata de araújo / am",MARANHÃO
46,Letícia Cardoso,480.657.193-84,56,1968-08-08,"vereda de ribeiro, 96
santa helena
13738-831 cassiano / am",SÃO PAULO
47,Nina Rios,571.623.948-09,460,1978-03-17,"loteamento ryan da mota, 8
pilar
89057-967 cardoso / sc",PIAUÍ
48,Matheus Moreira,152.834.709-97,579,1966-10-02,"sítio almeida, 9
conjunto lagoa
15849270 montenegro / al",GOIÁS
49,Felipe Rios,078.596.241-76,31,1992-10-05,"área de vargas, 573
alpes
10825-588 cardoso / rj",ALAGOAS
50,Luiz Felipe Borges,574.163.908-93,57,1966-11-24,"aeroporto brenda garcia, 847
santa isabel
31984067 da rocha da prata / pi",ALAGOAS
51,Maria Flor Santos,857.302.469-00,5701,1966-10-03,"estrada fernandes
conjunto providencia
96844-901 sales / ac",RIO DE JANEIRO
52,Samuel Porto,210.869.745-49,52,1971-12-16,"jardim clara porto
caetano furquim
87204-320 garcia de minas / to",CEARÁ
53,Milena Da Cunha,840.672.359-92,4445,1979-11-25,"vale araújo, 45
frei leopoldo
79163413 ferreira / am",PERNAMBUCO
54,Caroline Teixeira,453.920.876-47,47800,1977-06-24,"pátio de correia, 39
vila coqueiral
09880177 rezende / pi",GOIÁS
55,Emanuelly Câmara,485.123.079-60,19,2005-05-03,"lago isabel nogueira, 94
marajó
84183761 pimenta de minas / ma",ESPÍRITO SANTO
56,Diogo Camargo,091.385.764-57,57,1967-07-26,"lagoa pires, 6
buritis
34335-203 cavalcanti de minas / rs",DISTRITO FEDERAL
57,Maria Isis Moura,912.504.378-14,37,1986-10-09,"residencial santos, 18
beira linha
77352-702 pimenta alegre / pb",RORAIMA
58,Sra. Cecília Moura,792.645.038-38,45,1978-11-11,"recanto de castro
marieta 1ª seção
68524325 cardoso / rs",AMAZONAS
59,Pietra Melo,940.271.536-34,60,1964-05-07,"trevo de farias, 7
vitoria
03172939 almeida de minas / am",BAHIA
60,Gustavo Vieira,825.346.710-90,28,1995-11-06,"sítio de araújo, 4
boa viagem
80795646 caldeira de cassiano / ms",MATO GROSSO
61,Alice Lima,056.238.749-83,58,1966-05-11,"viaduto nina correia, 53
glória
09260059 da mata / ro",RIO DE JANEIRO
62,Larissa Pastor,428.590.136-60,32,1992-04-06,"pátio sousa, 91
vila nova cachoeirinha 2ª seção
05102-898 novais do sul / rj",CEARÁ
63,Murilo Nascimento,479.132.058-14,26,1997-11-30,"praia fonseca
liberdade
40656-772 abreu / go",AMAZONAS
64,Ana Brito,871.264.059-01,32,1992-05-19,"residencial de novais, 65
novo das industrias
43207-394 sá / pr",PERNAMBUCO
65,Mateus Borges,923.860.415-06,56,1968-02-24,"jardim marcelo araújo
vila da luz
56177250 fonseca / pe",BAHIA
66,Sra. Maria Eduarda Vasconcelos,952.708.431-88,36,1987-10-10,"viaduto de da luz, 34
taquaril
46738-464 aparecida / mg",RIO DE JANEIRO
67,Bryan Melo,236.089.417-03,33,1991-04-13,"residencial das neves
nova pampulha
90332-623 nunes / es",RIO GRANDE DO SUL
68,Sr. Fernando Monteiro,940.721.568-76,26,1998-07-07,"avenida renan sá, 91
são francisco das chagas
35881-572 da cruz / ce",ALAGOAS
69,Evelyn Câmara,102.856.497-01,60,1964-05-15,"jardim alexandre sampaio, 997
vila nova gameleira 2ª seção
57039744 brito / pe",RONDÔNIA
70,Maria Helena Cavalcanti,438.795.021-88,52,1972-07-25,"campo de da cruz, 67
vila mangueiras
00090473 camargo do norte / sp",TOCANTINS
71,Ryan Andrade,905.172.836-03,56,1967-12-25,"distrito da rosa, 62
santa rita
48413863 sá / rs",RIO DE JANEIRO
72,Maria Julia Fernandes,094.638.512-24,23,2001-01-09,"estação de moraes, 34
serra do curral
50003144 cassiano verde / am",AMAPÁ
73,Mathias Correia,724.689.135-82,27,1997-09-12,"residencial de cavalcanti, 57
conjunto califórnia i
93907-165 borges da praia / ba",MATO GROSSO
74,Ana Lívia Dias,508.347.169-84,53,1971-08-28,"praça pires
maravilha
50601257 correia / pr",MATO GROSSO
75,Sr. Lucca Sousa,891.423.507-60,24,2000-05-01,"fazenda vieira, 70
vila califórnia
24510480 da conceição de rezende / ac",RIO GRANDE DO NORTE
76,Sabrina Da Rosa,534.290.716-07,5856,1966-04-16,"chácara catarina da luz, 27
vila jardim são josé
00967-174 sales / rs",PERNAMBUCO
77,Alana Lopes,685.912.034-70,41,1982-11-22,"trevo monteiro
beira linha
99958-894 pacheco de mendes / ce",SANTA CATARINA
78,Sra. Melissa Rezende,967.842.015-58,37,1987-08-12,"lago pimenta, 94
pilar
88453-748 sales / pe",PARÁ
79,Bianca Barros,162.987.045-58,21,2003-08-01,"recanto câmara, 311
boa união 2ª seção
99246-995 novaes do sul / rr",TOCANTINS
80,Emanuel Campos,216.857.493-64,31,1993-01-21,"distrito de almeida, 61
vila madre gertrudes 1ª seção
36233-678 brito / se",PARAÍBA
81,Dr. Ian Nascimento,932.187.506-95,54,1970-04-20,"setor vicente costela, 61
marilandia
25646030 da mota da serra / ms",RONDÔNIA
82,Ana Laura Novaes,302.761.498-31,20,2004-08-22,"trevo de ribeiro, 534
vila da paz
68674-214 da cruz dos dourados / sc",PIAUÍ
83,Luísa Brito,869.452.731-64,18,2006-02-07,"estação samuel correia, 87
solar do barreiro
43005103 mendonça / pe",ESPÍRITO SANTO
84,Maria Isis Mendonça,345.907.612-70,31,1993-01-21,"rua monteiro, 73
havaí
25631543 pimenta / rj",PIAUÍ
85,Ágatha Pinto,391.582.760-68,41,1983-06-07,"esplanada henrique guerra, 46
mariano de abreu
93260486 barros / ap",MINAS GERAIS
86,Elisa Farias,453.627.890-74,30,1994-07-12,"travessa de da luz, 48
vista alegre
34159510 araújo de rezende / rn",MATO GROSSO
87,Ana Lívia Azevedo,615.209.743-61,29,1995-08-11,"vale de machado, 68
caiçara - adelaide
75327-654 da rosa de caldeira / ap",RONDÔNIA
88,Levi Moreira,297.853.601-21,46,1978-06-22,"chácara vinícius gomes, 275
comiteco
29252783 costa da serra / go",PARANÁ
89,Bernardo Da Luz,540.697.183-20,47,1977-08-12,"ladeira sales, 6
nossa senhora da aparecida
73934-945 pereira do amparo / pa",ESPÍRITO SANTO
90,Arthur Araújo,653.972.184-64,5656,1967-11-19,"condomínio de aparecida, 17
nova floresta
33300318 cirino / rn",PARAÍBA
91,Murilo Abreu,450.618.297-94,49,1975-06-23,"distrito andrade, 4
capitão eduardo
73373-170 melo de da rocha / mt",RIO GRANDE DO SUL
92,Emilly Da Costa,286.509.714-58,45,1978-11-19,"ladeira oliveira, 34
prado
21199-274 fernandes paulista / rs",PIAUÍ
93,Letícia Albuquerque,597.214.860-94,37,1987-03-19,"área marcos vinicius da mata, 36
camponesa 2ª seção
83227-029 da costa grande / pb",MATO GROSSO
94,Dra. Milena Teixeira,819.367.250-02,43,1981-04-24,"distrito joana rocha, 65
nova gameleira
98225285 costa alegre / es",ALAGOAS
95,Emilly Aparecida,107.649.853-10,6046,1964-06-22,"recanto joão miguel campos, 86
santa rita
45048227 guerra / rn",AMAPÁ
96,Ana Júlia Marques,295.407.318-79,60,1963-11-22,"campo freitas, 5
barro preto
74556-633 cunha / sc",AMAZONAS
97,Rodrigo Cavalcante,650.782.143-80,571,1967-05-15,"vale da rosa, 283
vila coqueiral
25583759 novaes / pe",CEARÁ
98,Anna Liz Ramos,640.132.859-24,55,1969-06-01,"pátio de fernandes, 32
aguas claras
95998957 leão das flores / mg",GOIÁS
99,Dr. Rhavi Pereira,158.204.963-70,43,1980-09-25,"vale de barbosa, 85
zilah sposito
22094-608 cirino de da luz / es",RONDÔNIA
100,Melissa Fernandes,107.486.935-48,29,1995-01-24,"praia martins
comiteco
32650-567 gomes / ma",RORAIMA
